09:27:18,23.5,74.3
09:27:21,23.6,74.5
09:27:24,23.4,74.1
09:27:28,23.2,73.8
09:27:31,22.9,73.2
09:27:34,22.5,72.5
09:27:37,22.2,72.0
09:27:41,21.8,71.2
09:27:44,21.4,70.5
09:27:47,21.0,69.8
09:27:50,20.6,69.1
09:27:54,20.2,68.4
09:27:57,19.8,67.6
09:28:00,19.5,67.1
09:28:03,19.1,66.4
09:28:07,18.9,66.0
09:28:10,18.6,65.5
09:28:13,18.2,64.8
09:28:16,18.0,64.4
09:28:20,17.6,63.7
09:28:23,17.4,63.3
09:28:26,17.1,62.8
09:28:29,16.8,62.2
09:28:33,16.5,61.7
09:28:36,16.2,61.2
09:28:39,16.0,60.8
09:28:43,15.8,60.4
09:28:46,15.5,59.9
09:28:49,15.2,59.4
09:28:55,14.8,58.6
09:28:58,14.7,58.5
09:29:01,14.5,58.1
09:29:04,14.3,57.7
09:29:08,14.1,57.4
09:29:11,13.8,56.8
09:29:14,13.7,56.7
09:29:17,13.4,56.1
09:29:21,13.2,55.8
09:29:24,13.0,55.4
09:29:27,12.7,54.9
09:29:30,12.5,54.5
09:29:34,12.3,54.1
09:29:37,12.0,53.6
09:29:40,11.8,53.2
09:29:43,11.6,52.9
09:29:47,11.4,52.5
09:29:50,11.1,52.0
09:29:53,10.9,51.6
09:29:56,10.7,51.3
09:30:00,10.5,50.9
09:30:05,10.0,50.0
09:30:08,9.9,49.8
09:30:14,9.6,49.3
09:30:17,9.5,49.1
09:30:20,9.4,48.9
09:30:24,9.3,48.7
09:30:27,9.1,48.4
09:30:30,9.0,48.2
09:30:33,8.9,48.0
09:30:37,8.7,47.7
09:30:40,8.6,47.5
09:30:43,8.5,47.3
09:30:46,8.3,46.9
09:30:50,8.3,46.9
09:30:53,8.1,46.6
09:30:56,8.0,46.4
09:30:59,7.9,46.2
09:31:03,7.8,46.0
09:31:06,7.7,45.9
09:31:09,7.6,45.7
09:31:12,7.5,45.5
09:31:16,7.4,45.3
09:31:19,7.3,45.1
09:31:22,7.2,45.0
09:31:25,7.1,44.8
09:31:29,7.0,44.6
09:31:32,6.9,44.4
09:31:35,6.9,44.4
09:31:39,6.7,44.1
09:31:42,6.7,44.1
09:31:45,6.6,43.9
09:31:51,6.5,43.7
09:31:54,6.4,43.5
09:31:57,6.3,43.3
09:32:00,6.3,43.3
09:32:04,6.1,43.0
09:32:07,6.1,43.0
09:32:10,6.1,43.0
09:32:13,6.0,42.8
09:32:17,5.9,42.6
09:32:20,5.9,42.6
09:32:23,5.8,42.4
09:32:26,5.8,42.4
09:32:30,5.7,42.3
09:32:33,5.7,42.3
09:32:36,5.6,42.1
09:32:39,5.5,41.9
09:32:43,5.5,41.9
09:32:48,5.4,41.7
09:32:56,5.4,41.7
09:32:59,5.3,41.5
09:33:02,5.4,41.7
09:33:06,5.5,41.9
09:33:09,5.7,42.3
09:35:00,13.6,56.5
09:35:03,13.7,56.7
09:35:06,13.8,56.8
09:35:12,14.1,57.4
09:35:15,14.2,57.6
09:35:18,14.4,57.9
09:35:21,14.5,58.1
09:35:25,14.7,58.5
09:35:28,14.8,58.6
09:35:31,15.0,59.0
09:35:35,15.1,59.2
09:35:38,15.2,59.4
09:35:41,15.4,59.7
09:35:44,15.5,59.9
09:35:48,15.7,60.3
09:35:51,15.8,60.4
09:35:54,16.0,60.8
09:35:57,16.1,61.0
09:36:01,16.2,61.2
09:36:04,16.4,61.5
09:36:07,16.5,61.7
09:36:10,16.6,61.9
09:36:14,16.8,62.2
09:36:17,16.9,62.4
09:36:20,17.0,62.6
09:36:23,17.1,62.8
09:36:27,17.2,63.0
09:36:30,17.4,63.3
09:36:33,17.5,63.5
09:36:36,17.5,63.5
09:36:40,17.7,63.9
09:36:43,17.7,63.9
09:36:46,17.8,64.0
09:36:49,17.9,64.2
09:36:53,18.0,64.4
09:36:56,18.1,64.6
09:36:59,18.1,64.6
09:37:02,18.2,64.8
09:37:06,18.3,64.9
09:37:09,18.4,65.1
09:37:12,18.4,65.1
09:37:15,18.5,65.3
09:37:19,18.5,65.3
09:37:22,18.6,65.5
09:37:25,18.6,65.5
09:37:28,18.7,65.7
09:37:32,18.8,65.8
09:37:35,18.8,65.8
09:37:38,18.9,66.0
09:37:41,18.9,66.0
09:37:45,19.0,66.2
09:37:48,19.0,66.2
09:37:51,19.1,66.4
09:37:54,19.1,66.4
09:37:58,19.2,66.6
09:38:01,19.2,66.6
09:38:04,19.3,66.7
09:38:07,19.3,66.7
09:38:11,19.4,66.9
09:38:14,19.4,66.9
09:38:17,19.5,67.1
09:38:20,19.5,67.1
09:38:24,19.5,67.1
09:38:27,19.6,67.3
09:38:30,19.6,67.3
09:38:34,19.7,67.5
09:38:37,19.7,67.5
09:38:40,19.7,67.5
09:38:43,19.8,67.6
09:38:47,19.8,67.6
09:38:50,19.8,67.6
09:38:53,19.8,67.6
09:38:56,19.9,67.8
09:39:00,19.9,67.8
09:39:03,19.9,67.8
09:39:06,20.0,68.0
09:39:09,20.0,68.0
09:39:13,20.0,68.0
09:39:16,20.0,68.0
09:39:19,20.0,68.0
09:39:22,20.2,68.4
09:39:26,20.2,68.4
09:39:29,20.2,68.4
09:39:32,20.2,68.4
09:39:35,20.2,68.4
09:39:39,20.3,68.5
09:39:42,20.3,68.5
09:39:45,20.4,68.7
09:39:48,20.4,68.7
09:39:52,20.4,68.7
09:39:55,20.5,68.9
09:39:58,20.5,68.9
09:40:01,20.5,68.9
09:40:05,20.6,69.1
09:40:08,20.6,69.1
09:40:11,20.6,69.1
09:40:14,20.6,69.1
09:40:18,20.6,69.1
09:40:21,20.7,69.3
09:40:24,20.7,69.3
09:40:27,20.7,69.3
09:40:31,20.7,69.3
09:40:34,20.7,69.3
09:40:37,20.8,69.4
09:40:40,20.8,69.4
09:40:44,20.8,69.4
09:40:47,20.8,69.4
09:40:50,20.8,69.4
09:40:53,20.9,69.6
09:40:57,20.9,69.6
09:41:00,20.9,69.6
09:41:03,20.9,69.6
09:41:06,20.9,69.6
09:41:10,20.9,69.6
09:41:13,21.0,69.8
09:41:16,21.0,69.8
09:41:19,21.0,69.8
09:41:23,21.0,69.8
09:41:26,21.0,69.8
09:41:29,21.1,70.0
09:41:33,21.1,70.0
09:41:38,21.1,70.0
09:41:41,21.1,70.0
09:41:45,21.1,70.0
09:41:48,21.2,70.2
09:41:51,21.2,70.2
09:41:54,21.2,70.2
09:41:58,21.2,70.2
09:42:03,21.2,70.2
10:36:59,23.3,73.9
10:37:02,23.3,73.9
10:37:05,23.3,73.9
10:37:09,23.3,73.9
10:37:12,23.3,73.9
10:37:15,23.3,73.9
10:37:18,23.3,73.9
